﻿Input_type,Used in inputs Values,Used in outputs Values,Description
Use this orthogonal Array if exists or use minimum runs,default,,"Mention your orthogonal array example:
L80.2.34.4.5 where 80 is number of runs, 
2.34 is 34 variables with 2 levels and 
4.5 is 5 variables with 4 levels. Mention order in increasing levels
Like L100.2.10.3.5.4.5 Where 2,3,4 are levels and others are number of variables.
Keep 'default' for program to select minimum runs.
Keep 'manual' to adjust runs on own."
number of cont variables,14,,
number of 2 level categorial variables,6,,
number of 3 level categorial variables,0,,
number of 4 level categorial variables,10,,
number of 5 level categorial variables,0,,
number of 6 level categorial variables,0,,
number of 7 level categorial variables,0,,
number of 8 level categorial variables,0,,
number of 9 level categorial variables,0,,
Kung Design,,1,Give 1 if YES or 0 if NO
KungMP design,,1,Give 1 if YES or 0 if NO
KungSLHD design,,1,Give 1 if YES or 0 if NO
Max Pro QQ design,,1,Give 1 if YES or 0 if NO
Martinez design,,1,Give 1 if YES or 0 if NO
MartinezMP design,,1,Give 1 if YES or 0 if NO
MartinezSLHD design,,1,Give 1 if YES or 0 if NO
